id;title;description;content;date
1;Buckinghamshire;../fake-data/blob/hipster.txt;../fake-data/blob/hipster.txt;2023-01-08T18:53:28
2;online;../fake-data/blob/hipster.txt;../fake-data/blob/hipster.txt;2023-01-08T15:47:21
3;copy lavender;../fake-data/blob/hipster.txt;../fake-data/blob/hipster.txt;2023-01-08T09:39:30
4;Cambridgeshire;../fake-data/blob/hipster.txt;../fake-data/blob/hipster.txt;2023-01-08T19:17:33
5;Re-contextualized Home visualize;../fake-data/blob/hipster.txt;../fake-data/blob/hipster.txt;2023-01-08T10:51:22
6;microchip AGP Fresh;../fake-data/blob/hipster.txt;../fake-data/blob/hipster.txt;2023-01-08T16:52:31
7;Languedoc-Roussillon invoice dominicaine;../fake-data/blob/hipster.txt;../fake-data/blob/hipster.txt;2023-01-08T13:55:20
8;bifurcated;../fake-data/blob/hipster.txt;../fake-data/blob/hipster.txt;2023-01-08T01:18:46
9;program HTTP XSS;../fake-data/blob/hipster.txt;../fake-data/blob/hipster.txt;2023-01-08T03:47:11
10;indexing;../fake-data/blob/hipster.txt;../fake-data/blob/hipster.txt;2023-01-08T18:46:01
